Workbook

Sheet README
A1: Q10 — Waterfall chọn đặc trưng
A3: Câu 10: waterfall chọn biến, dựng bằng COUNTIF từ bảng quyết định.
A5: Sheet | B5: Nội dung
A6: Q10_Waterfall | B6: Bảng và biểu đồ waterfall.
A7: Q10_Decisions | B7: Mọi cột của file phát triển kèm vai trò và bước đã loại nó.
A9: Màu ô | B9: Xanh = công thức Excel · Vàng = ô có thể sửa · Trắng = dữ liệu (chép từ file CSV) · Khung vàng đậm = trả lời / khuyến nghị.
A10: Đối chiếu | B10: Sheet “Check” so từng kết quả chính của Excel với số mà Credit Risk Modelling Tool hiển thị (xem sheet “Tool_snapshot”). Mọi dòng phải là “Khớp”.
A11: Tham chiếu | B11: Siddiqi, N. (2017). Intelligent Credit Scoring, 2nd ed., Wiley — số trang ghi “tr.”. Ngưỡng ghi “quy ước của khóa học” lấy từ khóa học, không phải từ sách.

Sheet Q10_Decisions
A1: Q10 — Quyết định cho từng cột
A2: Vẽ waterfall thể hiện quá trình lựa chọn thuộc tính: đánh giá pháp lý, chất lượng dữ liệu, cụm tương quan trên dữ liệu thô, IV, rank-ordering, chiều WoE, PSI, tương quan sau binning, tính hợp lý nghiệp vụ.
A4: Cột | B4: Vai trò | C4: Bị loại ở bước | D4: IV | E4: Căn cứ
A5: app_id | B5: Hệ thống / kết quả | C5: —
A6: app_date | B6: Hệ thống / kết quả | C6: —
A7: channel | B7: Phân khúc | C7: —
A8: customer_type | B8: Phân khúc | C8: —
A9: province | B9: Phân khúc | C9: —
A10: region | B10: Phân khúc | C10: —
A11: loan_amount_mil | B11: Đặc trưng | C11: 4 IV | D11: 0.0038266526 | E11: IV 0,004 < 0,02 (Q8).
A12: age | B12: Đặc trưng | C12: — giữ | D12: 0.11550448
A13: gender | B13: Đặc trưng | C13: 1 Đánh giá pháp lý | D13: 0.036069908 | E13: Biến nhạy cảm (từ điển dữ liệu): không được dùng trong mô hình.
A14: occupation | B14: Đặc trưng | C14: 5 Rank-ordering / chiều WoE | D14: 0.070363636 | E14: Thứ tự WoE của các nghề nghiệp không giải thích được về kinh doanh (Q8).
A15: home_status | B15: Đặc trưng | C15: — giữ | D15: 0.096226477
A16: income_mil | B16: Đặc trưng | C16: — giữ | D16: 0.1398621
A17: work_months | B17: Đặc trưng | C17: — giữ | D17: 0.18645321
A18: dti_pct | B18: Đặc trưng | C18: — giữ | D18: 0.26828257
A19: cic_hist_months | B19: Đặc trưng | C19: — giữ | D19: 0.34352959
A20: num_lenders | B20: Đặc trưng | C20: — giữ | D20: 0.20824982
A21: card_util_pct | B21: Đặc trưng | C21: — giữ | D21: 0.46315238
A22: inq_6m | B22: Đặc trưng | C22: — giữ | D22: 0.2809331
A23: dpd_cnt_6m | B23: Đặc trưng | C23: 3 Tương quan dữ liệu thô (Q7) | D23: 0.435912 | E23: Spearman 0,87 với dpd_cnt_12m (IV cao hơn), Q7.
A24: dpd_cnt_12m | B24: Đặc trưng | C24: — giữ | D24: 0.49642911
A25: deposit_avg_3m_mil | B25: Đặc trưng | C25: — giữ | D25: 0.070278494
A26: curr_max_cic_group | B26: Quy tắc chính sách | C26: —
A27: decision | B27: Hệ thống / kết quả | C27: —
A28: perf_class | B28: Hệ thống / kết quả | C28: —
A29: exclusion_reason | B29: Hệ thống / kết quả | C29: —
A30: indeterminate_reason | B30: Hệ thống / kết quả | C30: —
A31: max_dpd_12m | B31: Hệ thống / kết quả | C31: —
A32: target | B32: Hệ thống / kết quả | C32: —

Sheet Q10_Waterfall
A1: Q10 — Waterfall: từ mọi cột đến các đặc trưng đưa vào mô hình
A2: Mỗi cột trừ đi số cột bị loại ở bước đó; cột cuối là phần đi vào hồi quy.
A4: Bước | B4: Bị loại | C4: Còn lại | D4: Nền (ẩn) | E4: Thanh | G4: Cách đọc bảng này
A5: Số cột trong file phát triển | C5: =COUNTA('Q10_Decisions'!$A$5:$A$32) -> 0 | D5: =0 -> 0 | E5: =C5 -> 0 | G5: Bị loại | H5: COUNTIF trên Q10_Decisions: số cột có vai trò này hoặc bị loại ở bước này.
A6: − Cột hệ thống / kết quả | B6: =COUNTIF('Q10_Decisions'!$B$5:$B$32,"Hệ thống / kết quả") -> 0 | C6: =C5-B6 -> 0 | D6: =C6 -> 0 | E6: =B6 -> 0 | G6: Còn lại | H6: Còn lại trước đó − bị loại.
A7: − Cột quy tắc chính sách | B7: =COUNTIF('Q10_Decisions'!$B$5:$B$32,"Quy tắc chính sách") -> 0 | C7: =C6-B7 -> 0 | D7: =C7 -> 0 | E7: =B7 -> 0 | G7: Biểu đồ | H7: Biểu đồ cột chồng với chuỗi “Nền” ẩn: mỗi thanh xanh bắt đầu tại chỗ tổng trước kết thúc (cách vẽ waterfall cổ điển trong Excel).
A8: − Cột phân khúc | B8: =COUNTIF('Q10_Decisions'!$B$5:$B$32,"Phân khúc") -> 0 | C8: =C7-B8 -> 0 | D8: =C8 -> 0 | E8: =B8 -> 0 | G8: Bước có 0 | H8: Chất lượng dữ liệu, độ ổn định (PSI), tương quan sau binning và hợp lý nghiệp vụ không loại biến nào; vẫn giữ trên biểu đồ để thể hiện đã kiểm tra.
A9: = Đặc trưng ứng viên | C9: =C8 -> 0 | D9: =0 -> 0 | E9: =C9 -> 0
A10: − Đánh giá pháp lý | B10: =COUNTIF('Q10_Decisions'!$C$5:$C$32,"1 Đánh giá pháp lý") -> 0 | C10: =C9-B10 -> 0 | D10: =C10 -> 0 | E10: =B10 -> 0
A11: − Chất lượng dữ liệu | B11: =COUNTIF('Q10_Decisions'!$C$5:$C$32,"2 Chất lượng dữ liệu") -> 0 | C11: =C10-B11 -> 0 | D11: =C11 -> 0 | E11: =B11 -> 0
A12: − Tương quan dữ liệu thô (Q7) | B12: =COUNTIF('Q10_Decisions'!$C$5:$C$32,"3 Tương quan dữ liệu thô (Q7)") -> 0 | C12: =C11-B12 -> 0 | D12: =C12 -> 0 | E12: =B12 -> 0
A13: − IV | B13: =COUNTIF('Q10_Decisions'!$C$5:$C$32,"4 IV") -> 0 | C13: =C12-B13 -> 0 | D13: =C13 -> 0 | E13: =B13 -> 0
A14: − Rank-ordering / chiều WoE | B14: =COUNTIF('Q10_Decisions'!$C$5:$C$32,"5 Rank-ordering / chiều WoE") -> 0 | C14: =C13-B14 -> 0 | D14: =C14 -> 0 | E14: =B14 -> 0
A15: − Độ ổn định (PSI) | B15: =COUNTIF('Q10_Decisions'!$C$5:$C$32,"6 Độ ổn định (PSI)") -> 0 | C15: =C14-B15 -> 0 | D15: =C15 -> 0 | E15: =B15 -> 0
A16: − Tương quan sau binning (Q9) | B16: =COUNTIF('Q10_Decisions'!$C$5:$C$32,"7 Tương quan sau binning (Q9)") -> 0 | C16: =C15-B16 -> 0 | D16: =C16 -> 0 | E16: =B16 -> 0
A17: − Hợp lý nghiệp vụ | B17: =COUNTIF('Q10_Decisions'!$C$5:$C$32,"8 Hợp lý nghiệp vụ") -> 0 | C17: =C16-B17 -> 0 | D17: =C17 -> 0 | E17: =B17 -> 0
A18: = Đặc trưng đưa vào mô hình | C18: =C17 -> 0 | D18: =0 -> 0 | E18: =C18 -> 0
A44: Trả lời / khuyến nghị
A45: 28 cột → 9 cột hệ thống / kết quả và chính sách cùng 4 cột phân khúc không phải ứng viên → 15 đặc trưng ứng viên. Bị loại: gender (pháp lý), dpd_cnt_6m (tương quan dữ liệu thô với dpd_cnt_12m), loan_amount_mil (IV < 0,02), occupation (thứ tự WoE không giải thích được). Chất lượng dữ liệu, độ ổn định, tương quan sau binning và hợp lý nghiệp vụ không loại biến nào. 11 đặc trưng đi vào hồi quy, trong khoảng 8–15 thường gặp (tr. 200).

Sheet Check
A1: Kết quả | B1: Công cụ (ảnh chụp) | C1: Excel (công thức) | D1: |Chênh lệch| | E1: Trạng thái
A2: Số cột trong file | B2: 28 | C2: ='Q10_Waterfall'!$C$5 -> 0 | D2: =ABS(C2-B2) -> 0 | E2: =IF(D2<=0,"Khớp","Lệch") -> 0
A3: Đặc trưng ứng viên | B3: 15 | C3: ='Q10_Waterfall'!$C$9 -> 0 | D3: =ABS(C3-B3) -> 0 | E3: =IF(D3<=0,"Khớp","Lệch") -> 0
A4: Đặc trưng đưa vào mô hình | B4: 11 | C4: ='Q10_Waterfall'!$C$18 -> 0 | D4: =ABS(C4-B4) -> 0 | E4: =IF(D4<=0,"Khớp","Lệch") -> 0
A6: Số kết quả khớp | E6: =COUNTIF(E2:E4,"Khớp")&" / 3" -> 0
A7: Dung sai: số đếm phải khớp tuyệt đối; tỷ lệ và chỉ số đến 1e-6 trừ khi ghi khác. Công cụ làm tròn số hiển thị (ví dụ 0,116), nên hãy so giá trị Excel với ảnh chụp ở cùng số chữ số thập phân.

Sheet Tool_snapshot
A1: Công cụ — Bước 4 Hành trình chọn biến
